Record ID,Banding,English Language,Chinese Language,Mathematics (Core),Liberal Studies,Electives,Best 5,Remarks,Rating
1674,B6,4,3,4,3,"Information and Communication Technology
3
Business, Accounting and Financial Studies
4",18,"Details
Scores ","0
1"
1381,A1,2,5*,3,5,"Chinese History
4
Chinese Literature
4
Geography
4",23,"Details
Scores ","0
0"
984,A2,3,2,4,3,"Business, Accounting and Financial Studies
3
Physics
2",15,"Details
Scores ","0
5"
969,B5,3,2,5*,3,"Chemistry
4
Physics
4
Mathematics Extended Modules II
5*",23,"Details
Scores  ","0
3"
419,A2,3,3,4,4,"Physics
4
Mathematics Extended Modules I
4",19,"Details
Scores ","2
1"
217,A1,3,2,2,4,"Geography
4
History
5",18,"Details
Scores Note","0
3"
