Record ID,Banding,English Language,Chinese Language,Mathematics (Core),Liberal Studies,Electives,Best 5,Remarks,Rating
1990,A2,5*,5,4,5*,"Economics
5
Geography
5*
Chemistry
4
History
5",28,"Details
Scores ","0
0"
1903,A2,5*,5*,4,4,"Chinese History
5
Chemistry
5
Mathematics Extended Modules I
4
History
5",27,"Details
Scores ","0
1"
1885,A3,5*,3,5*,4,"Chemistry
5*
Biology
5*
Economics
5*",30,"Details
Scores Note","6
0"
1884,A2,5**,5*,4,4,"Geography
5*
Literature in English
5*
Business, Accounting and Financial Studies
4",29,"Details
Scores ","2
0"
1530,A1,5,5*,5,5*,"Biology
5
Chemistry
4",27,"Details
Scores ","1
1"
400,A1,5,3,5*,4,"Chemistry
4
Information and Communication Technology
5
Physics
5",25,"Details
Scores ","3
3"
399,A1,5,5,4,5,"Chemistry
5
Economics
5
Business, Accounting and Financial Studies
3",25,"Details
Scores Note","0
1"
189,A1,5,5,5,5,"Economics
5
Business, Accounting and Financial Studies
4",25,"Details
Scores ","0
1"
156,A1,5,4,5*,5,"Physics
5
Chemistry
5
Biology
4",26,"Details
Scores Note","0
2"
