Record ID,Banding,English Language,Chinese Language,Mathematics (Core),Liberal Studies,Electives,Best 5,Remarks,Rating
1930,A2,5*,4,5*,4,"Mathematics Extended Modules I
5
Physics
5
Business, Accounting and Financial Studies
5
Chemistry
4",27,"Details
Scores ","4
0"
1823,A1,5,4,5,4,"Chemistry
5*
Business, Accounting and Financial Studies
5*
Economics
5",27,"Details
Scores ","6
1"
1801,A3,5**,5,5*,4,"Business, Accounting and Financial Studies
5
Chemistry
4
Mathematics Extended Modules I
5*",29,"Details
Scores Note","6
4"
1554,A2,4,5*,5,5*,"Chinese History
5
Business, Accounting and Financial Studies
4",26,"Details
Scores ","4
1"
1546,A3,4,5,4,5*,"Biology
5*
Chemistry
3
Business, Accounting and Financial Studies
4",25,"Details
Scores Note","3
3"
1163,A1,4,5,5,5*,"Biology
5*
Chemistry
4",26,"Details
Scores Note","3
2"
