Record ID,Banding,English Language,Chinese Language,Mathematics (Core),Liberal Studies,Electives,Best 5,Remarks,Rating
1709,A1,5*,4,5,4,"History
5
Visual Arts
5*",26,"Details
Scores ","1
2"
1598,A3,5,3,3,4,"Literature in English
3
Economics
3
Chinese Literature
2",18,"Details
Scores ","0
11"
1485,A1,4,4,5,2,"Chemistry
3
Physics
4
Visual Arts
2",20,"Details
Scores Note","1
0"
1376,A1,4,3,5,3,"Information and Communication Technology
5
Physics
3",20,"Details
Scores Note","0
0"
958,A1,4,4,4,3,"Business, Accounting and Financial Studies
4
Technology and Living
4",20,"Details
Scores Note","1
0"
709,A3,3,5,4,5,"Geography
4
Visual Arts
4",22,"Details
Scores ","0
0"
592,A3,4,4,5,4,"Business, Accounting and Financial Studies
5
Visual Arts
4",22,"Details
Scores Note","0
0"
545,A1,5,4,3,3,"Information and Communication Technology
5
Visual Arts
5",22,"Details
Scores ","0
0"
389,A1,3,5*,2,4,"Economics
3
Visual Arts
5",21,"Details
Scores ","0
0"
