Record ID,Banding,English Language,Chinese Language,Mathematics (Core),Liberal Studies,Electives,Best 5,Remarks,Rating
1999,A1,3,3,5,4,"Biology
3
Mathematics Extended Modules I
5**
Business, Accounting and Financial Studies
4",23,"Details
Scores ","3
2"
1989,A2,5*,4,5**,4,"Chemistry
5
Business, Accounting and Financial Studies
5*
Physics
4
Mathematics Extended Modules II
5*",30,"Details
Scores ","3
2"
1813,A2,4,4,5**,3,"Business, Accounting and Financial Studies
5
Mathematics Extended Modules II
5*
Biology
3
Economics
4",26,"Details
Scores Note","3
1"
1125,A2,3,4,5,3,"Chemistry
5**
Economics
5*
Business, Accounting and Financial Studies
5",27,"Details
Scores ","3
1"
1047,A3,4,4,5*,2,"Mathematics Extended Modules II
5
Physics
5*
Chemistry
5*
Economics
4",27,"Details
Scores Note","3
2"
