Record ID,Banding,English Language,Chinese Language,Mathematics (Core),Liberal Studies,Electives,Best 5,Remarks,Rating
2066,A1,4,5,5,4,"Geography
3
Physics
5
Mathematics Extended Modules I
4",23,"Details
Scores ","0
0"
2016,A3,4,4,4,3,"Biology
4
Chemistry
4
Geography
4",20,"Details
Scores ","0
0"
1984,A2,4,3,5*,3,"Business, Accounting and Financial Studies
4
Physics
5*
Chemistry
4
Biology
4",24,"Details
Scores ","0
0"
1882,A1,4,4,5*,4,"Biology
5
Chemistry
4",23,"Details
Scores ","0
0"
1758,A1,3,3,4,3,"Physics
5
Chemistry
5",20,"Details
Scores ","1
0"
982,A1,3,3,5,4,"Chemistry
5
Chinese History
4
Mathematics Extended Modules II
3",21,"Details
Scores Note","0
1"
812,C9,3,4,4,2,"Chemistry
5
Biology
4
Economics
4",21,"Details
Scores Note","0
0"
185,A3,4,5,5,4,"Biology
4
Chemistry
4",22,"Details
Scores ","0
0"
