Record ID,Banding,English Language,Chinese Language,Mathematics (Core),Liberal Studies,Electives,Best 5,Remarks,Rating
2061,A2,5*,5*,4,4,"Literature in English
4
History
4
Economics
3",24,"Details
Scores ","1
0"
2051,A2,5,5,4,5,"Business, Accounting and Financial Studies
4
Geography
5
Chemistry
4",24,"Details
Scores ","0
0"
1995,A1,5*,4,4,3,"Business, Accounting and Financial Studies
5
Mathematics Extended Modules II
5
Physics
4",24,"Details
Scores ","2
0"
1950,A1,5*,5,4,4,"Geography
5
Economics
4
Physics
4",24,"Details
Scores ","1
1"
1913,A2,5**,4,4,5,"Literature in English
5*
History
5",27,"Details
Scores ","2
1"
1880,A2,5**,4,3,4,"Literature in English
4
History
4",23,"Details
Scores ","2
0"
1358,A2,5*,3,4,5,"Geography
3
Business, Accounting and Financial Studies
3",21,"Details
Scores ","1
0"
