Record ID,Banding,English Language,Chinese Language,Mathematics (Core),Liberal Studies,Electives,Best 5,Remarks,Rating
2056,A2,4,5*,4,4,"History
5*
Chinese History
5
Business, Accounting and Financial Studies
3",25,"Details
Scores Note","1
0"
1879,A2,3,5*,4,5,"Chinese Literature
4
History
5*
Geography
3",25,"Details
Scores ","1
0"
1825,A2,4,5,2,4,"Chinese History
5
History
4
Geography
4",22,"Details
Scores Note","0
0"
501,A2,4,4,5,4,"Chinese History
5
Economics
4
History
4
Mathematics Extended Modules I
3",22,"Details
Scores  ","0
0"
445,A3,3,4,3,5,"Chinese History
5
History
5*",23,"Details
Scores ","0
0"
433,A3,4,5,4,4,"Chinese Literature
5*
Chinese History
4",23,"Details
Scores Note","1
0"
237,A2,3,5,4,5,"Chinese History
4
Chinese Literature
4",22,"Details
Scores ","0
0"
