Record ID,Banding,English Language,Chinese Language,Mathematics (Core),Liberal Studies,Electives,Best 5,Remarks,Rating
1952,A2,3,3,2,3,"Geography
4
History
3",16,"Details
Scores ","4
19"
1951,A3,5,4,4,5*,"History
5*
Business, Accounting and Financial Studies
3
Chinese History
5",26,"Details
Scores ","0
2"
1914,A3,4,5,4,5*,"Chemistry
4
History
5
Geography
5",25,"Details
Scores ","1
1"
1269,A2,4,4,3,4,"Geography
4
History
5",21,"Details
Scores Note","0
1"
793,A2,4,4,4,5*,"Geography
4
History
4",22,"Details
Scores ","0
1"
303,A2,4,4,3,4,"Geography
5
History
4",21,"Details
Scores ","0
1"
