Record ID,Banding,English Language,Chinese Language,Mathematics (Core),Liberal Studies,Electives,Best 5,Remarks,Rating
2062,A2,5,4,4,5*,"Geography
4
History
5
Business, Accounting and Financial Studies
4",24,"Details
Scores ","0
0"
1578,A2,4,4,4,5,"Economics
4
History
4",21,"Details
Scores ","0
1"
1292,A1,5,4,4,4,"Chemistry
4
Geography
4
Biology
4",21,"Details
Scores ","0
1"
1192,A2,5,4,4,4,"Literature in English
4
Geography
3
Physics
3
Mathematics Extended Modules I
3",21,"Details
Scores ","0
1"
895,A1,3,4,4,5,"History
5*
German
4",23,"Details
Scores Note","0
1"
616,A2,5,4,4,5,"Business, Accounting and Financial Studies
4
Physics
3",22,"Details
Scores ","0
1"
69,A3,4,5,4,5,"Business, Accounting and Financial Studies
4
Biology
3",22,"Details
Scores Note","0
2"
