Record ID,Banding,English Language,Chinese Language,Mathematics (Core),Liberal Studies,Electives,Best 5,Remarks,Rating
1902,A2,5,4,4,5*,"Geography
5
History
5
Economics
4",25,"Details
Scores ","1
1"
991,A2,5,4,5,4,"Business, Accounting and Financial Studies
4
Economics
4
Information and Communication Technology
3",22,"Details
Scores ","0
0"
834,A1,4,5,3,5,"Geography
4
Economics
4",22,"Details
Scores ","0
0"
735,A1,5,4,4,4,"Economics
4
Chemistry
3",21,"Details
Scores Note","0
0"
212,A2,4,5,4,4,"Business, Accounting and Financial Studies
4
Economics
4",21,"Details
Scores ","0
0"
