Record ID,Banding,English Language,Chinese Language,Mathematics (Core),Liberal Studies,Electives,Best 5,Remarks,Rating
2063,A2,5,5,4,4,"Geography
5
Physics
5
Chemistry
4",24,"Details
Scores ","0
0"
1726,A3,5,4,4,5*,"Biology
4
Chemistry
3
Visual Arts
3",23,"Details
Scores Note","0
0"
1396,A2,5,4,3,5,"Biology
5
Economics
4",23,"Details
Scores Note","0
0"
863,A2,4,5,4,4,"Economics
5
Chemistry
4",22,"Details
Scores Note","1
0"
861,A2,5,4,4,4,"Biology
4
Information and Communication Technology
3
Mathematics Extended Modules I
4",21,"Details
Scores Note","0
0"
717,A1,5,4,4,4,"Biology
4
Physics
4",21,"Details
Scores Note","0
0"
571,A1,5*,4,3,3,"Chemistry
4
Economics
4",21,"Details
Scores Note","0
0"
205,A1,4,4,2,4,"History
5
Geography
4",21,"Details
Scores ","0
0"
