Record ID,Banding,English Language,Chinese Language,Mathematics (Core),Liberal Studies,Electives,Best 5,Remarks,Rating
2059,A2,5,4,5,3,"Physics
5
Mathematics Extended Modules II
5
Biology
3",24,"Details
Scores ","1
2"
1978,A1,3,4,5*,3,"Physics
5*
Chemistry
5*
Mathematics Extended Modules I
5",27,"Details
Scores ","1
4"
1489,A1,4,4,4,3,"Biology
3
Physics
4",19,"Details
Scores ","0
2"
876,A3,3,3,4,3,"Chemistry
4
Physics
5",19,"Details
Scores Note","1
2"
161,A1,3,4,4,4,"Chemistry
3
Physics
4",19,"Details
Scores Note","0
1"
142,A2,3,3,4,4,"Chemistry
4
Physics
4",19,"Details
Scores Note","0
1"
