Record ID,Banding,English Language,Chinese Language,Mathematics (Core),Liberal Studies,Electives,Best 5,Remarks,Rating
2055,A3,4,3,5*,4,"Mathematics Extended Modules II
5*
Physics
5
Business, Accounting and Financial Studies
3",25,"Details
Scores ","1
0"
1822,A2,4,3,5,4,"Chemistry
5
Physics
4",22,"Details
Scores ","0
0"
1803,A2,4,3,5,4,"Chemistry
3
Mathematics Extended Modules I
4
Physics
5*",23,"Details
Scores ","1
1"
1623,A3,4,3,4,4,"Physics
4
Chemistry
3",19,"Details
Scores Note","0
0"
1079,E15,4,3,4,4,"Economics
3
Information and Communication Technology
4",19,"Details
Scores ","1
2"
193,A2,3,3,5,3,"Information and Communication Technology
4
Physics
4",19,"Details
Scores ","1
2"
