Record ID,Banding,English Language,Chinese Language,Mathematics (Core),Liberal Studies,Electives,Best 5,Remarks,Rating
2064,A1,4,4,5,4,"Chemistry
5*
Physics
5
Business, Accounting and Financial Studies
3",24,"Details
Scores ","0
0"
1948,A2,4,3,5,4,"Chemistry
5*
Biology
5
Physics
4",24,"Details
Scores ","0
0"
1918,A2,4,4,3,4,"Biology
4
Chemistry
4
Economics
3",20,"Details
Scores ","0
2"
1881,A3,4,3,5,4,"Chemistry
5*
Biology
3",22,"Details
Scores ","0
0"
1582,A2,4,4,4,4,"Chemistry
4
Biology
4
Economics
3",20,"Details
Scores ","0
0"
33,A1,3,3,4,4,"Biology
4
Chemistry
5",20,"Details
Scores ","2
3"
