Record ID,Banding,English Language,Chinese Language,Mathematics (Core),Liberal Studies,Electives,Best 5,Remarks,Rating
1660,B6,4,5*,4,5,"Biology
3
Chemistry
4",23,"Details
Scores ","0
0"
1388,B5,3,4,4,4,"Chinese History
3
Ethics and Religious Studies
5*
Chinese Literature
2",21,"Details
Scores ","0
1"
1340,A2,3,5*,5,4,"Ethics and Religious Studies
3
Visual Arts
4",22,"Details
Scores ","0
0"
1256,A1,4,4,5,4,"Economics
5
History
3",22,"Details
Scores Note","0
0"
965,A2,3,5,3,5*,"History
4
Chinese History
5",23,"Details
Scores Note","1
0"
860,A1,3,5,3,4,"Chinese Literature
4
Business, Accounting and Financial Studies
5*",22,"Details
Scores  ","0
0"
465,A2,4,5,3,5*,"Chinese Literature
2
History
4",22,"Details
Scores ","0
0"
461,A2,4,5*,4,4,"Chinese Literature
3
Economics
4",22,"Details
Scores ","0
0"
409,A1,4,4,5,4,"Economics
5
Chinese Literature
4",22,"Details
Scores Note","0
0"
