Record ID,Banding,English Language,Chinese Language,Mathematics (Core),Liberal Studies,Electives,Best 5,Remarks,Rating
1415,A2,4,4,4,4,"Chemistry
4
Business, Accounting and Financial Studies
4",20,"Details
Scores Note","0
0"
1147,A2,4,4,4,4,"Business, Accounting and Financial Studies
4
Economics
4",20,"Details
Scores ","0
0"
1051,A3,4,4,5,4,"Business, Accounting and Financial Studies
4
Chemistry
3
Chinese History
2",21,"Details
Scores ","0
0"
742,A2,4,5*,3,4,"Biology
4
Business, Accounting and Financial Studies
4",22,"Details
Scores Note","0
0"
626,A1,4,4,4,4,"Business, Accounting and Financial Studies
4
Economics
4",20,"Details
Scores ","0
0"
622,A2,4,4,5,3,"Physics
4
Geography
3
Business, Accounting and Financial Studies
4",21,"Details
Scores  ","0
0"
