Record ID,Banding,English Language,Chinese Language,Mathematics (Core),Liberal Studies,Electives,Best 5,Remarks,Rating
1688,A1,5*,5,4,5*,"Business, Accounting and Financial Studies
5*
Geography
5**
History
5*",31,"Details
Scores ","5
3"
1661,A2,5,5,4,5,"Biology
4
Chemistry
4
Business, Accounting and Financial Studies
3",23,"Details
Scores ","1
0"
1659,A1,5,5,5,5*,"Biology
5
Chemistry
5*
Physics
5*",28,"Details
Scores ","0
0"
1384,A1,5*,5,4,4,"Biology
4
Physics
3",23,"Details
Scores ","1
0"
1314,A1,4,4,5*,4,"Chemistry
4
Physics
5",23,"Details
Scores Note","0
0"
1064,A3,5,4,5,4,"Biology
4
Chemistry
3
Physics
5
Mathematics Extended Modules II
2",23,"Details
Scores  ","2
0"
591,A1,4,5,5,4,"Geography
5
Economics
4",23,"Details
Scores ","0
0"
252,A1,4,5*,4,5,"Chinese History
3
Chinese Literature
4",23,"Details
Scores ","1
0"
110,A2,4,5*,5,4,"Economics
4
Chemistry
4
Mathematics Extended Modules I
4",23,"Details
Scores ","1
0"
