Record ID,Banding,English Language,Chinese Language,Mathematics (Core),Liberal Studies,Electives,Best 5,Remarks,Rating
1008,A1,4,5,5*,4,"Mathematics Extended Modules II
4
Chinese Literature
4
Biology
4
Chemistry
4",23,"Details
Scores Note","2
0"
970,A2,4,5,4,4,"Chemistry
5*
Biology
5*",25,"Details
Scores Note","1
0"
583,A1,4,5**,4,4,"Biology
5
Physics
5
Chemistry
4",25,"Details
Scores ","0
0"
492,A1,5,5,5*,5,"Biology
5
Chemistry
4
Mathematics Extended Modules II
5*",27,"Details
Scores Note","0
0"
285,A1,5,5*,4,4,"Biology
5
Chemistry
5",25,"Details
Scores Note","0
1"
158,A1,5*,5,5*,4,"Chemistry
5
Biology
5
Physics
4",27,"Details
Scores ","0
0"
45,A1,4,5*,4,4,"Biology
5
Chemistry
5",24,"Details
Scores ","0
0"
