Record ID,Banding,English Language,Chinese Language,Mathematics (Core),Liberal Studies,Electives,Best 5,Remarks,Rating
1794,A2,5,4,5,4,"Business, Accounting and Financial Studies
3
History
4
Economics
4",22,"Details
Scores ","0
0"
1206,A2,3,5,4,5*,"Economics
5
Geography
3
Mathematics Extended Modules I
2",23,"Details
Scores Note","1
0"
1073,A2,3,4,5*,4,"Chinese History
5
Economics
4",23,"Details
Scores  ","0
0"
801,A2,5,3,4,5,"Economics
5
Business, Accounting and Financial Studies
4",23,"Details
Scores ","0
0"
645,A2,4,4,4,4,"Business, Accounting and Financial Studies
5*
Geography
4",22,"Details
Scores ","0
0"
103,A2,4,4,4,4,"Biology
4
Business, Accounting and Financial Studies
4
Geography
5*",22,"Details
Scores ","0
0"
