Record ID,Banding,English Language,Chinese Language,Mathematics (Core),Liberal Studies,Electives,Best 5,Remarks,Rating
1417,A3,3,5,4,4,"History
5
Chinese History
4",22,"Details
Scores ","1
0"
1204,A3,3,5,4,4,"Biology
5
Chemistry
4
Tourism and Hospitality Studies
3",22,"Details
Scores ","0
0"
1115,A1,4,5*,3,3,"Economics
3
Chinese History
3",19,"Details
Scores ","1
6"
942,A1,4,5,4,4,"Economics
3
Business, Accounting and Financial Studies
3",20,"Details
Scores ","0
0"
85,A1,4,4,4,4,"Economics
4
Geography
5",21,"Details
Scores  ","2
1"
