Record ID,Banding,English Language,Chinese Language,Mathematics (Core),Liberal Studies,Electives,Best 5,Remarks,Rating
2082,D11,3,4,3,4,"Economics
5
Geography
4",20,"Details
Scores ","0
0"
1865,A2,3,3,4,5,"Geography
3
Biology
3",18,"Details
Scores ","0
0"
1400,C7,3,3,5*,3,"Chinese Literature
2
Geography
4",19,"Details
Scores ","0
0"
1177,A3,3,4,4,4,"Geography
4
Economics
4",20,"Details
Scores ","0
1"
1153,D11,4,2,4,4,"Economics
5*
Geography
5*",24,"Details
Scores ","0
0"
599,D12,4,3,4,3,"Geography
4
Biology
3",18,"Details
Scores ","0
0"
421,B4,2,5,2,4,"Chinese Literature
4
Chinese History
4",19,"Details
Scores Note","1
1"
