Record ID,Banding,English Language,Chinese Language,Mathematics (Core),Liberal Studies,Electives,Best 5,Remarks,Rating
1891,A1,4,2,5**,4,"Business, Accounting and Financial Studies
4
Chemistry
4
Mathematics Extended Modules II
5**",26,"Details
Scores  ","3
0"
1652,A1,4,3,5*,2,"Business, Accounting and Financial Studies
4
Mathematics Extended Modules II
5
Physics
5",24,"Details
Scores ","0
9"
1321,A2,2,4,5,4,"Mathematics Extended Modules I
5*
Business, Accounting and Financial Studies
4
History
5*",25,"Details
Scores Note","1
0"
432,A3,4,2,5,3,"Biology
5
Chemistry
5
Physics
5
Mathematics Extended Modules II
4",24,"Details
Scores  ","2
0"
288,A1,2,3,5**,4,"Biology
5*
Science: Combined Science
5*
Mathematics Extended Modules II
5*",29,"Details
Scores ","4
0"
