Record ID,Banding,English Language,Chinese Language,Mathematics (Core),Liberal Studies,Electives,Best 5,Remarks,Rating
1610,D11,3,4,4,3,"Chemistry
2
Mathematics Extended Modules I
2
Geography
4
Chinese History
4",19,"Details
Scores ","0
0"
1579,C8,4,4,4,3,"Physics
5
Biology
3",20,"Details
Scores ","1
0"
1406,B4,4,4,4,3,"Economics
3
Information and Communication Technology
4",19,"Details
Scores ","0
0"
1033,A3,2,4,4,4,"Health Management and Social Care
4
Geography
4",20,"Details
Scores  ","0
0"
