Record ID,Banding,English Language,Chinese Language,Mathematics (Core),Liberal Studies,Electives,Best 5,Remarks,Rating
1861,C10,3,3,3,3,"Chemistry
3
Physics
3
Information and Communication Technology
4",16,"Details
Scores  ","0
0"
1698,B5,3,3,4,4,"Chemistry
5
Economics
4",20,"Details
Scores ","0
0"
1633,A1,4,2,4,4,"Information and Communication Technology
4
Geography
3",19,"Details
Scores Note","0
0"
1627,A3,4,3,4,2,"Chemistry
3
Economics
3
Physics
3",17,"Details
Scores Note","0
0"
1544,A1,4,2,4,3,"Chemistry
3
Information and Communication Technology
4
Physics
5",20,"Details
Scores ","0
0"
993,A1,4,2,4,4,"Biology
4
Chemistry
4
Physics
4
Mathematics Extended Modules I
4",20,"Details
Scores ","0
0"
776,E17,4,2,4,4,"Economics
4
Information and Communication Technology
4",20,"Details
Scores Note","2
0"
167,A3,3,2,4,3,"Physics
4
Information and Communication Technology
4",18,"Details
Scores Note","0
0"
