Record ID,Banding,English Language,Chinese Language,Mathematics (Core),Liberal Studies,Electives,Best 5,Remarks,Rating
1697,A1,3,5*,4,5*,"Tourism and Hospitality Studies
4",23,"Details
Scores ","2
3"
1552,A1,4,4,4,4,"Business, Accounting and Financial Studies
5*
Geography
5",23,"Details
Scores  ","0
0"
1548,A1,4,3,4,4,"Chemistry
5
Business, Accounting and Financial Studies
5",22,"Details
Scores Note","0
0"
1221,A2,4,3,4,4,"Chemistry
5
Economics
5**",24,"Details
Scores ","1
2"
786,A2,4,4,4,4,"Biology
3
Chinese History
5**",23,"Details
Scores ","0
0"
754,A1,4,5,3,5,"Chinese History
3
Economics
4
Tourism and Hospitality Studies
5*",24,"Details
Scores Note","0
0"
654,A1,5,5,5,4,"Economics
4
Physics
3",23,"Details
Scores ","0
0"
533,A1,5,4,5,5,"Chemistry
4
Business, Accounting and Financial Studies
5
Mathematics Extended Modules II
5",25,"Details
Scores Note","0
0"
211,A1,4,5,3,5*,"Geography
3
Information and Communication Technology
4",22,"Details
Scores ","0
0"
