Record ID,Banding,English Language,Chinese Language,Mathematics (Core),Liberal Studies,Electives,Best 5,Remarks,Rating
1791,A2,4,5,5,3,"Biology
4
Chemistry
4
Business, Accounting and Financial Studies
4",22,"Details
Scores ","0
0"
1555,A2,5,5,4,4,"Biology
4
Chemistry
4
Economics
3",22,"Details
Scores Note","0
1"
1352,A1,5,4,5,5*,"Biology
5*
Chemistry
5
Physics
5
Mathematics Extended Modules II
4",27,"Details
Scores ","1
1"
1063,A1,4,4,5,4,"Biology
5
Chemistry
5
Economics
4",23,"Details
Scores Note","0
0"
972,A2,4,5*,4,4,"Biology
4
Economics
4",22,"Details
Scores Note","0
0"
846,A1,4,4,4,5*,"Biology
4
Chemistry
4
Geography
3",22,"Details
Scores ","0
0"
534,A2,4,4,4,4,"Biology
5
Economics
5*",23,"Details
Scores Note","0
0"
503,A2,4,4,4,4,"Biology
5
Chemistry
5",22,"Details
Scores ","0
0"
140,A1,5,4,4,4,"Biology
5
Economics
4",22,"Details
Scores Note","0
0"
