Record ID,Banding,English Language,Chinese Language,Mathematics (Core),Liberal Studies,Electives,Best 5,Remarks,Rating
1962,A3,4,3,4,3,"Chemistry
4
Physics
5
Economics
4
Mathematics Extended Modules I
4",21,"Details
Scores ","0
0"
1607,A3,3,3,4,3,"Economics
5
Physics
4
Mathematics Extended Modules II
4",20,"Details
Scores  ","0
0"
580,A2,4,4,4,3,"Mathematics Extended Modules II
5
Economics
5
Physics
4",22,"Details
Scores ","0
0"
305,A2,4,4,4,4,"Business, Accounting and Financial Studies
4
Chemistry
4
Economics
5",21,"Details
Scores ","0
0"
190,A1,3,3,4,4,"Business, Accounting and Financial Studies
5*
Mathematics Extended Modules I
4
Physics
4
Information and Communication Technology
4",22,"Details
Scores Note","0
0"
