Record ID,Banding,English Language,Chinese Language,Mathematics (Core),Liberal Studies,Electives,Best 5,Remarks,Rating
1894,A3,4,3,4,4,"Economics
4
Business, Accounting and Financial Studies
4",20,"Details
Scores Note","0
0"
1439,A2,4,4,4,4,"Business, Accounting and Financial Studies
4
Visual Arts
4",20,"Details
Scores ","0
0"
1317,A2,3,4,3,4,"Business, Accounting and Financial Studies
4
Economics
5",20,"Details
Scores ","0
0"
659,A1,4,3,4,4,"Biology
4
Economics
4",20,"Details
Scores ","0
0"
428,A2,4,5,2,4,"Chinese History
4
History
3",20,"Details
Scores Note","0
4"
367,A1,4,5,4,4,"Chemistry
4
History
4",21,"Details
Scores Note","0
0"
