Record ID,Banding,English Language,Chinese Language,Mathematics (Core),Liberal Studies,Electives,Best 5,Remarks,Rating
1834,A1,3,3,5,2,"Chemistry
5
Biology
3
Physics
5
Mathematics Extended Modules I
4",22,"Details
Scores ","1
0"
1370,A1,4,3,5,4,"Biology
4
Physics
5
Information and Communication Technology
4",22,"Details
Scores ","0
1"
1110,A1,4,4,5*,4,"Chemistry
4
Biology
4
Physics
4
Mathematics Extended Modules II
4",22,"Details
Scores ","0
2"
803,A3,4,3,4,3,"Physics
5
Chemistry
5
Biology
5",23,"Details
Scores ","0
1"
656,A3,3,4,5**,5*,"Chemistry
5
Physics
4
Mathematics Extended Modules II
5",27,"Details
Scores ","1
1"
