Record ID,Banding,English Language,Chinese Language,Mathematics (Core),Liberal Studies,Electives,Best 5,Remarks,Rating
1937,A1,4,3,5,4,"Business, Accounting and Financial Studies
5
Economics
4",22,"Details
Scores ","0
0"
1871,A1,3,4,4,4,"Business, Accounting and Financial Studies
4
Economics
5*",22,"Details
Scores ","0
0"
1525,A3,4,5*,4,5,"Business, Accounting and Financial Studies
4
Economics
5",24,"Details
Scores ","0
0"
1155,A1,3,4,5,4,"Business, Accounting and Financial Studies
5
Physics
3",21,"Details
Scores  ","1
2"
619,A2,4,4,4,5,"Economics
4
Geography
3
Chinese Literature
3",21,"Details
Scores ","0
1"
366,A2,4,3,5,3,"Economics
4
Geography
4
Mathematics Extended Modules I
4",21,"Details
Scores  ","0
1"
132,A2,4,3,4,5,"Business, Accounting and Financial Studies
4
Economics
4",21,"Details
Scores Note","1
1"
