Record ID,Banding,English Language,Chinese Language,Mathematics (Core),Liberal Studies,Electives,Best 5,Remarks,Rating
1956,A2,4,5,5,4,"Economics
5*
Biology
5
Chemistry
5*
Mathematics Extended Modules I
5",27,"Details
Scores Note","4
0"
1718,A1,5,4,5*,4,"Economics
5*
Business, Accounting and Financial Studies
5",26,"Details
Scores ","1
0"
1670,A2,5*,5,5*,5,"Physics
5*
Chemistry
5",28,"Details
Scores ","1
0"
1640,A2,5*,4,5*,4,"Physics
5*
Economics
5*
Mathematics Extended Modules II
5**",31,"Details
Scores ","1
0"
1394,A2,4,3,5*,5,"Geography
5*
Physics
5
Mathematics Extended Modules II
5",27,"Details
Scores ","4
0"
822,A2,5**,5,5*,5,"Economics
5
Chemistry
5",28,"Details
Scores ","1
0"
556,A1,5,5*,4,4,"Business, Accounting and Financial Studies
5
Biology
5
Chemistry
5*
Mathematics Extended Modules I
5",27,"Details
Scores ","2
3"
