Record ID,Banding,English Language,Chinese Language,Mathematics (Core),Liberal Studies,Electives,Best 5,Remarks,Rating
1395,A1,3,3,5,5,"Physics
5*
Chemistry
4
Mathematics Extended Modules II
5",25,"Details
Scores Note","2
1"
1345,A1,4,3,5*,3,"Physics
4
Geography
4
Mathematics Extended Modules II
5",23,"Details
Scores ","0
1"
1267,A1,4,3,5,4,"Mathematics Extended Modules I
5
Chemistry
5
Physics
5",24,"Details
Scores ","0
0"
1228,A1,4,4,5*,4,"Physics
5
Chemistry
5
Biology
4",24,"Details
Scores ","1
0"
1208,A2,4,4,5*,5,"Physics
5
Chemistry
5
Mathematics Extended Modules II
5*",27,"Details
Scores ","2
0"
775,A1,3,3,5*,4,"Physics
5
Geography
4
Mathematics Extended Modules I
4",23,"Details
Scores ","0
0"
657,A2,5,5,5,5,"Physics
5
Chemistry
4
Biology
5",25,"Details
Scores ","0
0"
