Record ID,Banding,English Language,Chinese Language,Mathematics (Core),Liberal Studies,Electives,Best 5,Remarks,Rating
1731,A2,4,4,5,4,"Biology
4
Geography
5",22,"Details
Scores Note","0
0"
1681,A1,4,5,4,5,"Business, Accounting and Financial Studies
4
Geography
5",23,"Details
Scores ","0
0"
1632,A1,4,4,4,4,"Economics
4
Information and Communication Technology
5",21,"Details
Scores Note","0
1"
1504,A1,5,3,4,5,"Biology
4
Economics
4",22,"Details
Scores Note","1
0"
817,A1,4,4,5,4,"Biology
4
Chemistry
4
Mathematics Extended Modules I
5",22,"Details
Scores ","0
0"
143,A2,4,3,5,5,"Chemistry
4
Biology
3
Economics
4",22,"Details
Scores ","0
0"
