Record ID,Banding,English Language,Chinese Language,Mathematics (Core),Liberal Studies,Electives,Best 5,Remarks,Rating
1458,A2,4,4,5,4,"Biology
5*
Chemistry
5*
Physics
5*",27,"Details
Scores ","1
2"
1424,A1,4,3,5*,4,"Science: Combined Science
4
Information and Communication Technology
4",22,"Details
Scores ","0
0"
553,A1,5,3,4,4,"Chemistry
4
Biology
3
Physics
4
Mathematics Extended Modules II
5",22,"Details
Scores ","0
0"
466,A2,3,3,5*,4,"Chemistry
5
Physics
5
Mathematics Extended Modules II
5*",26,"Details
Scores ","0
1"
26,A2,5,4,5*,5,"Chemistry
4
Biology
4
Physics
5",25,"Details
Scores ","0
1"
