Record ID,Banding,English Language,Chinese Language,Mathematics (Core),Liberal Studies,Electives,Best 5,Remarks,Rating
1743,E17,4,3,4,4,"Biology
4
Chemistry
3
Economics
5",21,"Details
Scores ","1
2"
1375,A3,4,3,4,4,"Chinese History
5
History
5",22,"Details
Scores ","2
0"
1288,A1,4,4,5,3,"Economics
4
Physics
3",20,"Details
Scores ","0
0"
1200,A1,4,4,5,4,"Biology
4
Economics
4",21,"Details
Scores Note","1
0"
839,A1,4,4,4,4,"Economics
5
Chemistry
3",21,"Details
Scores Note","0
0"
121,A1,4,3,4,4,"Business, Accounting and Financial Studies
5*
Economics
4",22,"Details
Scores Note","0
0"
