Record ID,Banding,English Language,Chinese Language,Mathematics (Core),Liberal Studies,Electives,Best 5,Remarks,Rating
1498,A2,3,4,4,5,"Chinese History
5
History
5*",24,"Details
Scores ","0
0"
1090,A1,4,5,5,5,"Chinese History
5*
History
4",25,"Details
Scores ","2
0"
1059,A2,4,5,5,4,"Business, Accounting and Financial Studies
5*
Chinese History
5
Geography
4",25,"Details
Scores Note","1
1"
905,A1,4,5*,3,5,"Chinese History
5
Biology
4",24,"Details
Scores ","0
0"
904,A1,4,5,4,4,"Chinese History
5*
History
5",24,"Details
Scores ","0
0"
245,A1,4,4,4,5,"Chinese History
5
History
5*",24,"Details
Scores Note","0
0"
177,A1,5,4,4,5*,"Chinese History
5
Economics
5",25,"Details
Scores ","0
0"
66,A1,3,4,4,5,"Chinese History
5*
History
5",24,"Details
Scores Note","0
0"
