Record ID,Banding,English Language,Chinese Language,Mathematics (Core),Liberal Studies,Electives,Best 5,Remarks,Rating
1495,A1,5*,5*,3,4,"Business, Accounting and Financial Studies
3
Biology
4",23,"Details
Scores Note","1
0"
1466,A1,4,5,4,5,"Biology
5
History
5",24,"Details
Scores Note","2
0"
1367,A1,5,5,5*,4,"Biology
4
Chemistry
5
Visual Arts
4",25,"Details
Scores Note","1
1"
925,A1,4,4,5*,4,"Economics
4
Business, Accounting and Financial Studies
5
Geography
4
Mathematics Extended Modules II
5",24,"Details
Scores Note","5
0"
338,A1,4,3,5,3,"Business, Accounting and Financial Studies
4
Japanese
5
Information and Communication Technology
5*
Physics
5*
Mathematics Extended Modules II
5",27,"Details
Scores ","1
1"
131,A1,4,5,5,3,"Biology
5*
Business, Accounting and Financial Studies
4
Visual Arts
3",24,"Details
Scores Note","2
1"
