Record ID,Banding,English Language,Chinese Language,Mathematics (Core),Liberal Studies,Electives,Best 5,Remarks,Rating
1398,A1,5*,4,4,4,"Biology
4
Chemistry
4",22,"Details
Scores Note","0
0"
1233,A3,5,5,5,5,"Biology
5
Physics
5",25,"Details
Scores  ","0
3"
1039,A1,5*,4,4,4,"Literature in English
4
Chemistry
4
History
4",22,"Details
Scores ","1
0"
1012,A1,5,4,5,4,"Geography
5**
History
4",25,"Details
Scores ","0
0"
755,A1,5*,3,3,4,"Tourism and Hospitality Studies
5*
Geography
4",23,"Details
Scores Note","0
0"
293,A1,5*,5*,4,5,"Geography
4
History
5",26,"Details
Scores Note","1
0"
87,A1,5,5,4,5,"History
4
Economics
4",23,"Details
Scores ","2
0"
34,A1,5*,5,4,4,"History
4
Chinese History
4",23,"Details
Scores ","0
1"
