Record ID,Banding,English Language,Chinese Language,Mathematics (Core),Liberal Studies,Electives,Best 5,Remarks,Rating
1648,A1,5*,5*,5**,5,"Biology
5**
Chemistry
5**
Mathematics Extended Modules II
5**
Physics
5**",35,"Details
Scores ","0
1"
1428,A1,5,5,5*,5,"Business, Accounting and Financial Studies
5*
Mathematics Extended Modules I
5**
Economics
5*",30,"Details
Scores ","3
1"
1069,A1,4,4,5*,5**,"Physics
5**
Chemistry
5**
Mathematics Extended Modules I
5**",34,"Details
Scores Note","3
0"
1040,A1,5**,5,5,5,"Physics
5
Chemistry
5
Economics
5
Mathematics Extended Modules II
5*",28,"Details
Scores ","1
5"
832,A1,5,4,5**,5*,"Mathematics Extended Modules II
5**
Physics
5**
Chemistry
5*
Business, Accounting and Financial Studies
5*",33,"Details
Scores ","3
0"
508,A1,5*,5,5*,5,"Biology
5*
Chemistry
5
Mathematics Extended Modules II
5*",29,"Details
Scores ","2
0"
254,A1,5*,5**,5*,5,"Biology
5*
Mathematics Extended Modules II
5
Chemistry
5
Physics
5",30,"Details
Scores ","2
0"
242,A1,5*,5,5*,5,"Physics
5*
Chemistry
5*
Mathematics Extended Modules II
5*",30,"Details
Scores ","1
1"
54,A1,5*,5,5*,5*,"Chemistry
5*
Economics
5**
Geography
5
Mathematics Extended Modules II
5*",31,"Details
Scores Note","3
0"
