Record ID,Banding,English Language,Chinese Language,Mathematics (Core),Liberal Studies,Electives,Best 5,Remarks,Rating
1472,A1,5*,5,4,4,"Business, Accounting and Financial Studies
5*
Economics
4",25,"Details
Scores ","2
0"
1349,A1,5,4,5,4,"Biology
5*
French
5**
Tourism and Hospitality Studies
5**",30,"Details
Scores  ","0
1"
891,A1,4,5*,4,5*,"Biology
4
Ethics and Religious Studies
5
Geography
5*",27,"Details
Scores ","0
0"
347,A2,5,5*,4,5*,"Biology
5
History
5",27,"Details
Scores ","0
0"
136,A1,5,5,5,4,"Biology
5
Economics
5*",26,"Details
Scores ","0
0"
