Record ID,Banding,English Language,Chinese Language,Mathematics (Core),Liberal Studies,Electives,Best 5,Remarks,Rating
1218,A1,4,4,5**,3,"Business, Accounting and Financial Studies
5
Economics
5
Information and Communication Technology
5**
Mathematics Extended Modules II
5*",30,"Details
Scores ","1
0"
600,A1,5*,4,5**,4,"Physics
5*
Chemistry
5
Economics
4
Mathematics Extended Modules II
4",28,"Details
Scores ","0
0"
548,A1,5**,4,5*,5,"Physics
5*
Chemistry
5
Biology
4
Mathematics Extended Modules II
5",29,"Details
Scores ","0
0"
521,A1,5*,5,5*,4,"Physics
5*
Chemistry
5*
Biology
5
Mathematics Extended Modules II
5",29,"Details
Scores ","0
0"
374,A1,5,4,5**,4,"Chemistry
5*
Physics
5**
Business, Accounting and Financial Studies
5*
Mathematics Extended Modules II
5**",33,"Details
Scores  ","0
1"
