Record ID,Banding,English Language,Chinese Language,Mathematics (Core),Liberal Studies,Electives,Best 5,Remarks,Rating
1675,A2,4,4,5*,4,"Business, Accounting and Financial Studies
5*
Economics
4
Chemistry
4",24,"Details
Scores ","0
0"
1437,A1,3,4,4,5,"Information and Communication Technology
5**
Business, Accounting and Financial Studies
4
Economics
4",24,"Details
Scores ","0
0"
1261,A1,4,4,4,5*,"Business, Accounting and Financial Studies
5
Information and Communication Technology
5*
Economics
5*",27,"Details
Scores ","0
1"
1254,A1,4,5,4,5*,"Economics
5*
Information and Communication Technology
5*",27,"Details
Scores ","0
0"
1080,A1,3,5*,4,3,"Biology
5*
Chemistry
5",24,"Details
Scores ","3
1"
680,A1,4,3,4,4,"Business, Accounting and Financial Studies
4
Economics
5
Mathematics Extended Modules I
5",22,"Details
Scores Note","1
9"
646,A1,5,4,5**,4,"Information and Communication Technology
5**
Physics
5**
Mathematics Extended Modules II
5*",32,"Details
Scores Note","11
3"
429,A1,4,5*,5,4,"Business, Accounting and Financial Studies
5
Physics
5
Mathematics Extended Modules I
5",26,"Details
Scores ","2
0"
