Record ID,Banding,English Language,Chinese Language,Mathematics (Core),Liberal Studies,Electives,Best 5,Remarks,Rating
1972,A1,5,5,5*,5,"Business, Accounting and Financial Studies
5
Chemistry
5*
Physics
5*",28,"Details
Scores ","1
0"
1806,A1,5,5,5*,5**,"Biology
5**
Chemistry
5*
Economics
5*",32,"Details
Scores ","0
0"
1050,A1,5*,5*,5*,5,"Physics
5*
Chemistry
5*
Biology
5*
Mathematics Extended Modules II
5",30,"Details
Scores ","0
0"
595,A1,5*,4,5*,5*,"Chemistry
5*
Physics
5*
Biology
5*
Mathematics Extended Modules II
5*",30,"Details
Scores ","0
0"
500,A1,5*,5,5*,5,"Chemistry
5*
Biology
5*
Physics
5
Mathematics Extended Modules II
4",29,"Details
Scores ","0
0"
109,A1,5*,5,5**,5*,"Chemistry
5**
Physics
5*
History
5*
Mathematics Extended Modules II
5*",32,"Details
Scores ","0
0"
