Record ID,Banding,English Language,Chinese Language,Mathematics (Core),Liberal Studies,Electives,Best 5,Remarks,Rating
1253,A2,5,5*,5*,4,"Biology
5
Chemistry
5
Economics
4",27,"Details
Scores  ","0
0"
1134,A1,5,5*,5*,4,"History
4
Business, Accounting and Financial Studies
5*
Chinese History
5",28,"Details
Scores ","0
0"
1037,A1,5,5,5**,4,"Physics
5*
Information and Communication Technology
5
Economics
5",28,"Details
Scores ","0
0"
744,A1,5*,4,5*,5,"Chemistry
5
Business, Accounting and Financial Studies
5*
Physics
5*",29,"Details
Scores ","0
0"
