Record ID,Banding,English Language,Chinese Language,Mathematics (Core),Liberal Studies,Electives,Best 5,Remarks,Rating
1074,A1,5**,5**,5**,5*,"Biology
5**
Chemistry
5**
Mathematics Extended Modules II
5**
Physics
5**",35,"Details
Scores ","11
4"
499,A1,5**,5*,5**,5*,"Biology
5**
Chemistry
5**
Information and Communication Technology
5**
Mathematics Extended Modules II
5**",35,"Details
Scores Note","3
3"
394,A1,5*,5**,5*,5**,"Biology
5**
Chemistry
5**
Physics
5**
Mathematics Extended Modules II
5*",35,"Details
Scores ","4
3"
