Record ID,Banding,English Language,Chinese Language,Mathematics (Core),Liberal Studies,Electives,Best 5,Remarks,Rating
1686,A1,4,3,5**,4,"Physics
5*
Chemistry
5
Mathematics Extended Modules II
5",27,"Details
Scores ","0
0"
1242,A1,4,4,5*,2,"Physics
5**
Chemistry
5
Biology
5
Mathematics Extended Modules II
5",28,"Details
Scores ","0
0"
985,A1,4,3,5*,3,"Physics
5**
Chemistry
5
Biology
4
Mathematics Extended Modules II
5",27,"Details
Scores ","0
0"
976,A1,3,3,5*,3,"Chemistry
4
Economics
5**
Physics
5*
Mathematics Extended Modules II
5*",29,"Details
Scores ","1
0"
635,A1,5*,5,5**,4,"Mathematics Extended Modules II
5**
Biology
5**
Chemistry
5*
Physics
5**",34,"Details
Scores ","2
0"
