Record ID,Banding,English Language,Chinese Language,Mathematics (Core),Liberal Studies,Electives,Best 5,Remarks,Rating
1378,A1,5*,4,4,4,"Geography
5*
Chemistry
4
Biology
5*",26,"Details
Scores ","0
0"
844,A1,5,5,5*,4,"Geography
5**
Information and Communication Technology
5
Mathematics Extended Modules I
5*",29,"Details
Scores ","0
0"
411,A1,4,3,5*,3,"Chemistry
5*
Physics
5
Mathematics Extended Modules II
5*",27,"Details
Scores ","1
0"
68,A1,5**,4,4,5**,"Chemistry
5
Biology
5
Geography
5**",31,"Details
Scores Note","2
0"
