Record ID,Banding,English Language,Chinese Language,Mathematics (Core),Liberal Studies,Electives,Best 5,Remarks,Rating
1858,A1,3,4,5**,3,"Physics
5*
Chemistry
5
Mathematics Extended Modules II
5**",29,"Details
Scores  ","1
0"
1708,A1,5,5,5**,4,"Physics
5*
Chemistry
5
Biology
5*
Mathematics Extended Modules II
5**",31,"Details
Scores ","0
1"
1152,A1,4,5,5**,5,"Mathematics Extended Modules II
5**
Physics
5*
Biology
5",30,"Details
Scores  ","1
1"
1077,A1,4,4,5**,4,"Chemistry
5**
Mathematics Extended Modules II
5**
Physics
5**",32,"Details
Scores ","0
0"
997,A1,4,3,5**,4,"Mathematics Extended Modules I
5**
Economics
5*
Physics
5*
Chemistry
4",30,"Details
Scores ","1
2"
886,A1,5*,4,5**,4,"Chemistry
5*
Information and Communication Technology
5*
Physics
5
Mathematics Extended Modules II
5**",32,"Details
Scores ","0
0"
507,A1,4,4,5**,4,"Physics
5*
Chemistry
4
Mathematics Extended Modules II
5**",28,"Details
Scores Note","0
1"
