Record ID,Banding,English Language,Chinese Language,Mathematics (Core),Liberal Studies,Electives,Best 5,Remarks,Rating
1651,A1,5,5*,4,5,"Business, Accounting and Financial Studies
4
Economics
4
History
5",25,"Details
Scores ","0
0"
1507,A1,5,5**,5,5*,"Economics
5
Chinese History
5**",30,"Details
Scores ","0
0"
1355,A1,5,4,4,4,"Economics
5
History
5
Information and Communication Technology
5**",26,"Details
Scores Note","0
0"
1119,A1,4,4,4,5**,"Business, Accounting and Financial Studies
4
Chinese History
5*
Economics
4",25,"Details
Scores ","0
0"
955,A2,4,4,5*,4,"Physics
5*
Chemistry
5
Mathematics Extended Modules II
5*",27,"Details
Scores ","0
0"
914,A1,4,4,5,5,"Business, Accounting and Financial Studies
5
Economics
5**
History
5*",28,"Details
Scores ","0
0"
263,A1,4,5*,4,5,"Chinese Literature
5*
Economics
4
Geography
4",25,"Details
Scores ","0
0"
