Record ID,Banding,English Language,Chinese Language,Mathematics (Core),Liberal Studies,Electives,Best 5,Remarks,Rating
1831,A1,5,4,4,5,"Business, Accounting and Financial Studies
4
Geography
5
History
5",24,"Details
Scores ","3
0"
1830,A1,4,5*,5,5*,"Biology
5
Geography
5*
Mathematics Extended Modules I
4",28,"Details
Scores ","2
0"
1829,A1,5,5,5,5*,"Biology
4
Chemistry
4
Geography
5*",27,"Details
Scores ","2
0"
1828,A1,5**,4,4,5*,"Business, Accounting and Financial Studies
5
Geography
5*",28,"Details
Scores ","1
0"
1790,A1,4,5*,4,5*,"Business, Accounting and Financial Studies
5
Economics
5*
Geography
5**",30,"Details
Scores ","1
0"
420,A1,5,5,4,5,"Biology
5
Economics
5**
Geography
5**",29,"Details
Scores ","1
0"
313,A1,4,5*,5,4,"Chemistry
5
Biology
4",24,"Details
Scores ","2
2"
241,A1,5,5,5,5*,"Geography
5*
History
5*
Physics
5
Mathematics Extended Modules II
5",28,"Details
Scores Note","1
0"
43,A1,4,3,3,5*,"Geography
5**
Information and Communication Technology
5",25,"Details
Scores ","4
1"
