Record ID,Banding,English Language,Chinese Language,Mathematics (Core),Liberal Studies,Electives,Best 5,Remarks,Rating
1955,A1,4,5**,4,5*,"Biology
5
Chinese History
5**",29,"Details
Scores ","0
0"
1824,A1,4,5*,5,4,"Chemistry
5
Biology
5
Chinese Literature
5
Mathematics Extended Modules I
4",26,"Details
Scores Note","1
0"
1590,A1,5*,5,4,5**,"Chemistry
5
Geography
5
Economics
4",28,"Details
Scores ","0
0"
1330,A2,5,5,5,5*,"Chemistry
5*
Geography
4
Physics
5",27,"Details
Scores ","1
0"
1103,A1,5,5,5,5,"Chemistry
5*
Chinese History
5
Economics
5
Mathematics Extended Modules I
5*",27,"Details
Scores ","1
0"
820,A1,5*,5*,4,5*,"Chinese History
5
History
5",28,"Details
Scores ","0
1"
790,A1,5,5,4,5,"Economics
5*
History
5**",28,"Details
Scores ","0
0"
444,A1,5**,5*,5,5**,"Chinese Literature
5**
Economics
5*
Geography
5**",34,"Details
Scores ","1
3"
65,A1,5,5**,4,5**,"Chinese History
5**
History
5*
Economics
5",32,"Details
Scores ","0
1"
