Record ID,Banding,English Language,Chinese Language,Mathematics (Core),Liberal Studies,Electives,Best 5,Remarks,Rating
1833,A1,5*,3,4,5,"History
4
Geography
5*
Economics
4",25,"Details
Scores ","0
0"
1463,A2,4,5*,5*,4,"Physics
5
Economics
5
Mathematics Extended Modules II
3",26,"Details
Scores ","2
0"
1302,A1,4,4,5,5,"Economics
5*
Geography
5",25,"Details
Scores ","1
0"
780,A2,5*,3,4,5,"Biology
4
Geography
5",24,"Details
Scores ","1
0"
449,A1,4,4,4,4,"Economics
5*
Geography
5*
History
5
Mathematics Extended Modules I
4",25,"Details
Scores ","1
0"
