Record ID,Banding,English Language,Chinese Language,Mathematics (Core),Liberal Studies,Electives,Best 5,Remarks,Rating
1919,A1,4,4,4,5,"Economics
5
Business, Accounting and Financial Studies
5
Mathematics Extended Modules I
5",24,"Details
Scores ","0
1"
1778,A1,3,4,5*,5,"Economics
5*
Chemistry
5
Mathematics Extended Modules II
5",27,"Details
Scores ","0
1"
1479,A1,5,5,5,5*,"Biology
3
Business, Accounting and Financial Studies
4
Mathematics Extended Modules II
3",25,"Details
Scores ","0
0"
1451,A1,5,4,4,5**,"Chinese History
4
Geography
4",24,"Details
Scores ","0
0"
244,A1,4,5*,4,5,"History
5
Chinese History
5
Economics
4",25,"Details
Scores Note","1
1"
148,A2,4,3,5,4,"Chemistry
5
Physics
5
Economics
5*",25,"Details
Scores ","0
0"
