Record ID,Banding,English Language,Chinese Language,Mathematics (Core),Liberal Studies,Electives,Best 5,Remarks,Rating
1678,A1,5,4,5*,5,"Chemistry
5*
Economics
5*
Physics
5*",29,"Details
Scores Note","7
6"
1625,A1,5*,5**,4,5,"Chinese Literature
4
Geography
5
Business, Accounting and Financial Studies
4",27,"Details
Scores Note","1
0"
1197,A1,5*,5*,5,5*,"Biology
4
Chemistry
5*
Economics
4",29,"Details
Scores Note","0
0"
1030,A1,5*,5,3,5**,"Chinese History
4
History
4
Geography
3",26,"Details
Scores ","1
12"
913,A1,5*,4,5,5,"Chemistry
5
Biology
5
Economics
5*",27,"Details
Scores Note","0
0"
881,A2,5*,4,5,5,"Economics
5*
Geography
5*
Chemistry
4",28,"Details
Scores Note","0
1"
762,A1,5*,5*,5*,5,"Chemistry
4
Geography
5
Mathematics Extended Modules II
5
Physics
4",28,"Details
Scores ","2
2"
413,A1,5**,5,3,5,"Business, Accounting and Financial Studies
4
Economics
4
Chemistry
3",25,"Details
Scores ","1
2"
355,A1,5*,4,4,5*,"Economics
5
Geography
4
Chemistry
3",25,"Details
Scores ","0
0"
