Record ID,Banding,English Language,Chinese Language,Mathematics (Core),Liberal Studies,Electives,Best 5,Remarks,Rating
2068,A1,5,5,5**,5*,"Physics
5**
Chemistry
5**
Geography
4
Mathematics Extended Modules II
5**",34,"Details
Scores ","0
0"
1014,A1,5**,4,5*,4,"Physics
5*
Chemistry
5
Biology
5
Mathematics Extended Modules II
5*",30,"Details
Scores ","1
0"
792,A1,5**,5,5*,4,"Mathematics Extended Modules II
5*
Biology
5*
Physics
5*
Chemistry
4",31,"Details
Scores ","0
0"
354,A1,5,4,5**,5*,"Biology
5*
Chemistry
5**
Mathematics Extended Modules II
5**
Physics
5*",33,"Details
Scores ","0
0"
164,A1,5**,4,5*,5*,"Biology
5**
Chemistry
5*
Physics
5*
Mathematics Extended Modules II
5",32,"Details
Scores Note","0
0"
