Record ID,Banding,English Language,Chinese Language,Mathematics (Core),Liberal Studies,Electives,Best 5,Remarks,Rating
1573,A1,5*,4,5**,4,"Economics
5*
Chemistry
5
Physics
5
Mathematics Extended Modules II
5",29,"Details
Scores ","0
1"
1243,A1,5*,5*,5*,5*,"Chemistry
5*
Business, Accounting and Financial Studies
5*
Economics
5
Mathematics Extended Modules II
5*",30,"Details
Scores ","0
0"
1190,A1,4,4,5**,4,"Mathematics Extended Modules II
5
Physics
5**
Chemistry
5**
Information and Communication Technology
5*",32,"Details
Scores Note","0
0"
1127,A1,5,5,5**,3,"Business, Accounting and Financial Studies
5**
Physics
5*
Economics
5
Mathematics Extended Modules I
5**",32,"Details
Scores ","1
0"
1001,A1,5*,4,5**,4,"Chemistry
5*
Physics
5
Biology
5
Mathematics Extended Modules II
5",29,"Details
Scores ","0
4"
799,A1,5*,5,5*,5*,"Physics
5*
Chemistry
5*
Economics
5*
Mathematics Extended Modules II
5*",30,"Details
Scores ","0
0"
694,A3,5*,5,5**,4,"Mathematics Extended Modules II
5**
Biology
5*
Chemistry
5*
Physics
5**",33,"Details
Scores ","2
0"
624,A1,5*,5*,5*,5,"Economics
5*
Physics
5*
Chemistry
5*
Mathematics Extended Modules II
5*",30,"Details
Scores ","0
2"
557,A1,5*,5,5**,4,"Mathematics Extended Modules II
5**
Information and Communication Technology
5**
Physics
5**
Chemistry
5**",35,"Details
Scores Note","6
1"
