Record ID,Banding,English Language,Chinese Language,Mathematics (Core),Liberal Studies,Electives,Best 5,Remarks,Rating
1875,A2,5,5,5**,5,"Chinese History
5*
Economics
5*
Physics
5",29,"Details
Scores ","0
0"
1703,A1,5*,4,5*,5,"Economics
5**
Business, Accounting and Financial Studies
4
Mathematics Extended Modules I
5",29,"Details
Scores ","0
0"
1202,A2,5*,4,5*,5,"Physics
5*
Economics
5*
History
3
Mathematics Extended Modules I
5*",30,"Details
Scores ","4
0"
950,A1,4,5*,5*,3,"Business, Accounting and Financial Studies
5*
Economics
5**
Chinese History
4",29,"Details
Scores ","2
0"
