Record ID,Banding,English Language,Chinese Language,Mathematics (Core),Liberal Studies,Electives,Best 5,Remarks,Rating
1327,A1,5,5,5,5*,"Biology
5*
Business, Accounting and Financial Studies
5",27,"Details
Scores ","0
1"
1250,A1,5,4,4,5,"Business, Accounting and Financial Studies
5
Tourism and Hospitality Studies
4
Economics
5",24,"Details
Scores Note","2
0"
805,A1,4,4,5*,4,"Business, Accounting and Financial Studies
4
Mathematics Extended Modules II
5*
Chemistry
5
Physics
5",26,"Details
Scores ","1
3"
781,A1,5**,5,5,4,"Chemistry
5
Biology
4
Business, Accounting and Financial Studies
5",27,"Details
Scores ","0
0"
