Record ID,Banding,English Language,Chinese Language,Mathematics (Core),Liberal Studies,Electives,Best 5,Remarks,Rating
1587,A1,5,5**,5,4,"Business, Accounting and Financial Studies
5*
Chemistry
5*
Mathematics Extended Modules I
5",29,"Details
Scores ","0
0"
1132,A2,4,5*,5,5,"Business, Accounting and Financial Studies
5*
Economics
5
Physics
5
Mathematics Extended Modules II
5*",28,"Details
Scores Note","0
0"
827,A1,4,3,5,5,"Business, Accounting and Financial Studies
4
Mathematics Extended Modules I
5
Economics
5*
Physics
4",25,"Details
Scores Note","0
0"
587,A2,5,5,5*,5,"Biology
5
Chemistry
5*
Mathematics Extended Modules II
4",27,"Details
Scores Note","1
0"
