Record ID,Banding,English Language,Chinese Language,Mathematics (Core),Liberal Studies,Electives,Best 5,Remarks,Rating
1626,A1,4,4,5*,5*,"Business, Accounting and Financial Studies
5**
Economics
5**
Physics
5*",32,"Details
Scores Note","2
0"
1346,A2,4,4,5**,4,"Physics
5
Business, Accounting and Financial Studies
4
Mathematics Extended Modules II
5*",26,"Details
Scores ","1
0"
1082,A1,4,4,5*,3,"Economics
5*
Mathematics Extended Modules I
5*
Business, Accounting and Financial Studies
4",26,"Details
Scores Note","1
0"
464,A1,4,4,5*,4,"Business, Accounting and Financial Studies
4
Mathematics Extended Modules II
5**
Physics
5",26,"Details
Scores ","2
0"
