Record ID,Banding,English Language,Chinese Language,Mathematics (Core),Liberal Studies,Electives,Best 5,Remarks,Rating
2080,A2,4,3,5*,3,"Physics
5*
Chemistry
5
Information and Communication Technology
5*
Mathematics Extended Modules II
5",28,"Details
Scores Note","8
0"
1826,A2,5,5,5*,4,"Physics
5*
Chemistry
5
Mathematics Extended Modules II
5*",28,"Details
Scores ","2
0"
1797,A2,4,4,5*,4,"Mathematics Extended Modules I
5*
Economics
5*
Physics
5*",28,"Details
Scores ","0
0"
640,A1,4,3,5*,5,"Chemistry
5
Mathematics Extended Modules II
5
Physics
5",26,"Details
Scores Note","0
0"
