Record ID,Banding,English Language,Chinese Language,Mathematics (Core),Liberal Studies,Electives,Best 5,Remarks,Rating
1263,A1,5,5*,5**,5,"Chemistry
4
Physics
5*
Mathematics Extended Modules II
5",29,"Details
Scores Note","1
0"
1065,A1,5,4,5,5,"Chemistry
5
History
5
Physics
5*",26,"Details
Scores Note","1
0"
874,A1,5,5,5*,5,"Biology
4
Chemistry
4
Mathematics Extended Modules II
3
Physics
5",26,"Details
Scores Note","1
0"
788,A1,5*,5,5*,5,"Chemistry
5*
Physics
5*
Geography
5*",30,"Details
Scores ","2
0"
