Record ID,Banding,English Language,Chinese Language,Mathematics (Core),Liberal Studies,Electives,Best 5,Remarks,Rating
1932,A3,4,5**,5**,4,"Biology
5
Chemistry
5*
Physics
5",30,"Details
Scores  ","1
2"
1526,A3,3,5*,3,5,"Chinese History
4
Chinese Literature
5",23,"Details
Scores ","0
0"
1486,A3,4,5*,5,4,"Physics
4
Chinese Literature
4
Information and Communication Technology
4",23,"Details
Scores ","0
0"
1278,A1,4,5,5*,4,"Economics
5*
History
4",25,"Details
Scores Note","0
0"
1146,A2,4,5*,4,5,"Economics
4
Geography
4",23,"Details
Scores Note","0
0"
484,A1,4,5*,4,5,"Ethics and Religious Studies
4
Visual Arts
3",23,"Details
Scores Note","1
0"
