Record ID,Banding,English Language,Chinese Language,Mathematics (Core),Liberal Studies,Electives,Best 5,Remarks,Rating
1980,A1,5,3,4,3,"Chemistry
5*
Biology
5
Information and Communication Technology
4",24,"Details
Scores ","0
0"
902,A2,4,3,5,4,"Biology
5*
Chemistry
5
History
5*",26,"Details
Scores Note","0
0"
677,A1,3,4,5,4,"Mathematics Extended Modules II
5
Physics
5
Economics
4",23,"Details
Scores ","1
0"
590,A1,5*,4,5*,4,"Chemistry
5*
Geography
5
Physics
5
Mathematics Extended Modules II
5*",29,"Details
Scores ","2
0"
128,A2,4,4,5,4,"Biology
5
Chemistry
5
Information and Communication Technology
5",24,"Details
Scores ","0
0"
