Record ID,Banding,English Language,Chinese Language,Mathematics (Core),Liberal Studies,Electives,Best 5,Remarks,Rating
2085,A2,5*,5,5**,5,"Chemistry
5**
Biology
5*
Geography
5
Mathematics Extended Modules II
5*",32,"Details
Scores ","0
1"
1971,A2,5*,3,5*,5,"Chemistry
5*
Physics
5*
Biology
5*",30,"Details
Scores ","0
0"
1970,A1,5,5*,5*,5**,"Chemistry
5*
Physics
5*
Geography
5**",32,"Details
Scores ","0
0"
1920,A3,5*,3,5**,4,"Biology
5*
Chemistry
5*
Physics
5*
Mathematics Extended Modules II
5*",31,"Details
Scores ","0
0"
1102,A1,4,5,5*,5,"Chemistry
5*
Physics
5*
Economics
5**",30,"Details
Scores ","0
0"
975,A2,5*,5*,5,5**,"Biology
5*
Physics
5
Chemistry
5",30,"Details
Scores ","1
0"
910,A1,5,3,5*,5,"Chemistry
5*
Physics
5*
Information and Communication Technology
5**",30,"Details
Scores Note","0
3"
502,A1,4,3,5**,4,"Biology
5*
Chemistry
5**
Physics
5**
Mathematics Extended Modules II
5",32,"Details
Scores ","0
2"
182,A1,4,5**,5*,5*,"Biology
5*
Chemistry
5*
Mathematics Extended Modules I
5",31,"Details
Scores ","0
0"
