Record ID,Banding,English Language,Chinese Language,Mathematics (Core),Liberal Studies,Electives,Best 5,Remarks,Rating
1785,A1,4,5,4,4,"Information and Communication Technology
5*
Economics
5
Japanese
5**
Visual Arts
4",27,"Details
Scores Note","0
1"
1212,A2,5,4,5,5,"Economics
4
Business, Accounting and Financial Studies
4
Chemistry
3",23,"Details
Scores ","2
0"
789,A1,4,4,4,4,"Economics
5*
Information and Communication Technology
5
Mathematics Extended Modules I
3",23,"Details
Scores Note","1
1"
391,A1,5,3,4,4,"Economics
5
Information and Communication Technology
5*",24,"Details
Scores Note","0
0"
358,A1,4,4,5*,5,"Economics
5
Information and Communication Technology
5**
Mathematics Extended Modules I
5",28,"Details
Scores ","0
0"
56,A2,5,4,5*,4,"Chemistry
5
Mathematics Extended Modules II
5
Physics
4",25,"Details
Scores ","0
0"
