Record ID,Banding,English Language,Chinese Language,Mathematics (Core),Liberal Studies,Electives,Best 5,Remarks,Rating
1629,A1,5*,3,5**,4,"Business, Accounting and Financial Studies
5*
Economics
5*
Physics
5*
Mathematics Extended Modules I
5**",32,"Details
Scores ","2
0"
1475,A1,5,5,5*,4,"Biology
5*
Chemistry
5*
Physics
5*
Mathematics Extended Modules II
5**",31,"Details
Scores ","0
1"
912,A2,4,3,5**,4,"Business, Accounting and Financial Studies
5*
Chemistry
5**
Mathematics Extended Modules II
5*
Physics
5**",33,"Details
Scores ","0
1"
719,A1,4,4,5**,4,"Mathematics Extended Modules II
5*
Physics
5*
Chemistry
5*
Information and Communication Technology
5*",31,"Details
Scores ","0
1"
491,A1,4,5,5*,4,"Biology
5
Physics
5
Mathematics Extended Modules II
5**",28,"Details
Scores Note","2
0"
341,A1,5,5*,5*,5*,"Physics
5*
Information and Communication Technology
5*
Mathematics Extended Modules I
5**",31,"Details
Scores ","0
0"
231,A1,4,4,5*,4,"Economics
5*
Mathematics Extended Modules II
5**
Physics
5*",29,"Details
Scores ","0
0"
23,A1,4,3,5**,4,"Physics
5*
Chemistry
5*
Mathematics Extended Modules II
5",28,"Details
Scores Note","0
0"
