Record ID,Banding,English Language,Chinese Language,Mathematics (Core),Liberal Studies,Electives,Best 5,Remarks,Rating
1276,A1,5*,5,5,5,"Chinese History
5
Geography
5**",28,"Details
Scores ","0
0"
1244,A2,5**,5,5,5,"Economics
5*
Geography
5
Chemistry
4",28,"Details
Scores ","1
0"
833,A2,5*,5,5,5*,"Economics
5*
Geography
5
History
5",28,"Details
Scores ","0
0"
666,A1,5*,5**,4,5,"Business, Accounting and Financial Studies
5*
Economics
5
History
5**",31,"Details
Scores ","0
0"
336,A1,5,5,5,5*,"Economics
5*
History
5*
Literature in English
5",28,"Details
Scores ","0
1"
