Record ID,Banding,English Language,Chinese Language,Mathematics (Core),Liberal Studies,Electives,Best 5,Remarks,Rating
1595,B4,4,5,3,4,"Biology
3
Business, Accounting and Financial Studies
4",20,"Details
Scores ","1
0"
1568,A2,4,4,3,4,"Geography
4
Ethics and Religious Studies
5",21,"Details
Scores Note","0
0"
1464,A2,3,5,4,5,"Business, Accounting and Financial Studies
4
Economics
4",22,"Details
Scores ","0
0"
1111,A3,4,5,4,4,"Chemistry
4
History
4",21,"Details
Scores Note","0
0"
165,A3,4,5,4,4,"Economics
2
History
4",21,"Details
Scores ","0
0"
61,A3,4,4,3,5,"Biology
4
Business, Accounting and Financial Studies
4",21,"Details
Scores ","0
0"
