Record ID,Banding,English Language,Chinese Language,Mathematics (Core),Liberal Studies,Electives,Best 5,Remarks,Rating
1923,A3,3,3,4,4,"Mathematics Extended Modules II
3
Information and Communication Technology
5
Chemistry
4",20,"Details
Scores ","0
0"
1560,A3,4,4,4,4,"Economics
4
Information and Communication Technology
4",20,"Details
Scores ","0
0"
453,A2,4,3,4,4,"Chinese Literature
4
Information and Communication Technology
4",20,"Details
Scores Note","0
0"
70,A3,4,4,3,3,"Information and Communication Technology
4
Chinese Literature
4",19,"Details
Scores ","0
0"
7,A3,3,4,4,4,"Economics
4
Information and Communication Technology
4",20,"Details
Scores ","1
0"
