Record ID,Banding,English Language,Chinese Language,Mathematics (Core),Liberal Studies,Electives,Best 5,Remarks,Rating
1613,A2,3,3,5,3,"Chinese History
4
Visual Arts
2",18,"Details
Scores ","0
0"
1183,A3,4,4,3,3,"Chinese History
3
Chinese Literature
4
Geography
2",18,"Details
Scores Note","1
0"
1060,A2,3,3,4,3,"Business, Accounting and Financial Studies
4
Visual Arts
2",17,"Details
Scores Note","0
0"
977,A2,3,4,4,4,"Business, Accounting and Financial Studies
3
History
4",19,"Details
Scores Note","0
0"
772,A1,2,4,3,4,"Tourism and Hospitality Studies
4",17,"Details
Scores Note","0
0"
585,A1,2,5,3,4,"Biology
4
Economics
2",18,"Details
Scores ","0
0"
