Record ID,Banding,English Language,Chinese Language,Mathematics (Core),Liberal Studies,Electives,Best 5,Remarks,Rating
1922,A1,4,3,3,3,"History
4
Economics
3",17,"Details
Scores ","1
0"
1435,A2,3,3,2,3,"Geography
4
History
3",16,"Details
Scores ","1
0"
1194,A3,3,4,2,4,"History
4
Health Management and Social Care
4",19,"Details
Scores ","1
0"
911,A2,4,4,2,4,"History
3
Information and Communication Technology
3",18,"Details
Scores ","1
0"
550,A1,3,3,2,4,"Biology
3
Economics
3",16,"Details
Scores ","1
1"
