Record ID,Banding,English Language,Chinese Language,Mathematics (Core),Liberal Studies,Electives,Best 5,Remarks,Rating
1793,B6,3,4,4,4,"Economics
4
Geography
4",20,"Details
Scores ","0
0"
1088,A3,3,4,2,4,"Chinese Literature
5
Chinese History
4",20,"Details
Scores Note","2
0"
794,A3,3,4,3,4,"Geography
3
Economics
U",17,"Details
Scores  ","1
0"
765,B5,3,5,4,4,"Physics
4
Science: Combined Science
4",21,"Details
Scores ","1
0"
203,A2,3,5,4,4,"Chemistry
3
Physics
3
Mathematics Extended Modules I
3",19,"Details
Scores ","0
0"
