Record ID,Banding,English Language,Chinese Language,Mathematics (Core),Liberal Studies,Electives,Best 5,Remarks,Rating
1306,A3,3,3,3,4,"Chinese History
4
Economics
3",17,"Details
Scores ","0
0"
1078,B5,3,5,2,4,"Health Management and Social Care
4
Business, Accounting and Financial Studies
2",18,"Details
Scores Note","0
0"
840,A3,3,4,3,5,"Chinese History
4
Geography
3",19,"Details
Scores ","0
0"
675,C8,3,3,4,4,"History
5
Physics
4",20,"Details
Scores Note","3
0"
538,B4,3,3,4,4,"Economics
4
Physics
3",18,"Details
Scores  ","2
0"
125,B4,4,4,2,4,"Geography
3
Visual Arts
4",19,"Details
Scores ","1
0"
