Record ID,Banding,English Language,Chinese Language,Mathematics (Core),Liberal Studies,Electives,Best 5,Remarks,Rating
1362,B4,4,4,2,5,"Economics
2
History
4",19,"Details
Scores ","0
0"
964,E20,3,3,3,2,"Business, Accounting and Financial Studies
3
Economics
2",14,"Details
Scores ","0
0"
858,E15,4,3,4,4,"Economics
4
Physics
3
Mathematics Extended Modules II
3",19,"Details
Scores ","0
0"
558,A3,3,3,3,3,"Economics
3
Biology
4",16,"Details
Scores Note","0
0"
279,A3,3,3,4,3,"Chemistry
3
Business, Accounting and Financial Studies
2",16,"Details
Scores Note","0
0"
150,C9,3,3,4,3,"Biology
5",18,"Details
Scores ","0
0"
