Record ID,Banding,English Language,Chinese Language,Mathematics (Core),Liberal Studies,Electives,Best 5,Remarks,Rating
1586,B4,3,3,3,4,"Business, Accounting and Financial Studies
4
Economics
4",18,"Details
Scores ","1
0"
1513,B5,4,3,3,4,"History
3
Business, Accounting and Financial Studies
2",17,"Details
Scores ","0
0"
1100,A3,4,4,3,4,"Chinese History
3
Economics
3",18,"Details
Scores Note","0
0"
926,B4,4,4,4,3,"Physics
3
Chinese History
4",19,"Details
Scores  ","0
0"
784,A3,3,4,2,4,"Biology
2
Chinese History
4",17,"Details
Scores Note","0
0"
523,A3,3,4,3,3,"Business, Accounting and Financial Studies
3
Economics
3",16,"Details
Scores Note","0
0"
498,E18,3,4,3,4,"Chinese Literature
3
Business, Accounting and Financial Studies
4",18,"Details
Scores ","0
0"
476,D14,4,3,4,4,"Biology
4
Geography
3",19,"Details
Scores ","0
0"
