Record ID,Banding,English Language,Chinese Language,Mathematics (Core),Liberal Studies,Electives,Best 5,Remarks,Rating
1338,C7,4,3,4,4,"Geography
4
Economics
3",19,"Details
Scores Note","0
0"
909,D14,3,3,4,4,"Business, Accounting and Financial Studies
3
Economics
4",18,"Details
Scores Note","0
0"
697,E19,4,3,4,4,"Biology
3
Geography
4",19,"Details
Scores ","0
0"
522,A3,3,4,2,4,"Economics
4",17,"Details
Scores Note","0
0"
415,C8,3,3,4,4,"Economics
5
Chinese Literature
2",19,"Details
Scores ","0
0"
388,A2,3,4,2,4,"Geography
4
Tourism and Hospitality Studies
4",19,"Details
Scores ","0
0"
24,A3,3,3,4,4,"Business, Accounting and Financial Studies
3
Geography
4",18,"Details
Scores ","0
0"
