Record ID,Banding,English Language,Chinese Language,Mathematics (Core),Liberal Studies,Electives,Best 5,Remarks,Rating
1811,E17,3,3,5,3,"Business, Accounting and Financial Studies
4
Economics
3",18,"Details
Scores ","1
0"
1246,A1,4,4,4,3,"Economics
4
Visual Arts
3",19,"Details
Scores Note","0
0"
1164,A3,3,3,4,3,"Business, Accounting and Financial Studies
4
Information and Communication Technology
3",17,"Details
Scores ","0
0"
720,E15,3,4,3,4,"Economics
4
Geography
4",19,"Details
Scores Note","0
0"
468,B6,4,3,4,3,"Business, Accounting and Financial Studies
3
Mathematics Extended Modules II
1",17,"Details
Scores Note","0
0"
