Record ID,Banding,English Language,Chinese Language,Mathematics (Core),Liberal Studies,Electives,Best 5,Remarks,Rating
1339,A3,3,3,5,4,"Physics
5
Business, Accounting and Financial Studies
3
Economics
4",21,"Details
Scores ","0
0"
1101,D11,3,3,4,3,"Information and Communication Technology
3
Mathematics Extended Modules I
2",16,"Details
Scores ","0
0"
921,B4,3,3,4,2,"Physics
3
Information and Communication Technology
4
Mathematics Extended Modules II
3",17,"Details
Scores ","0
0"
321,E17,3,3,3,3,"Biology
3
Chemistry
1",15,"Details
Scores ","0
0"
202,A1,3,3,2,3,"Information and Communication Technology
4
History
2",15,"Details
Scores Note","0
0"
