Record ID,Banding,English Language,Chinese Language,Mathematics (Core),Liberal Studies,Electives,Best 5,Remarks,Rating
1201,A3,4,4,4,4,"Economics
4
Biology
4",20,"Details
Scores Note","5
0"
480,A2,4,4,4,4,"Biology
4
Business, Accounting and Financial Studies
5",21,"Details
Scores ","4
1"
4,A3,4,3,3,3,"Information and Communication Technology
5**
Health Management and Social Care
4
Business, Accounting and Financial Studies
4
Biology
4
Chemistry
4
Tourism and Hospitality Studies
4",23,"Details
Scores Note","20
17"
