Record ID,Banding,English Language,Chinese Language,Mathematics (Core),Liberal Studies,Electives,Best 5,Remarks,Rating
1917,A2,3,3,4,4,"Chinese History
4
Economics
4",19,"Details
Scores  ","0
0"
1874,B5,4,5,4,4,"Economics
3
Physics
3",20,"Details
Scores Note","0
0"
1636,A3,3,4,4,3,"Business, Accounting and Financial Studies
4
Economics
4
Mathematics Extended Modules I
4",20,"Details
Scores ","0
0"
1360,A1,4,3,3,4,"Business, Accounting and Financial Studies
4
Economics
3
Geography
3",18,"Details
Scores Note","0
0"
481,A2,4,3,3,3,"Economics
4
Geography
4",18,"Details
Scores Note","0
0"
