Record ID,Banding,English Language,Chinese Language,Mathematics (Core),Liberal Studies,Electives,Best 5,Remarks,Rating
1543,A3,3,4,4,4,"Mathematics Extended Modules I
2
Chemistry
3
Physics
4",19,"Details
Scores ","0
0"
1522,A1,3,3,5,2,"Mathematics Extended Modules II
3
Physics
3
History
4",18,"Details
Scores Note","0
0"
1252,A3,3,3,4,3,"Biology
2
Information and Communication Technology
4
Mathematics Extended Modules I
2",17,"Details
Scores ","0
0"
163,A3,4,3,3,3,"Biology
4
Physics
3",17,"Details
Scores ","1
0"
